Planet,eclipse_observed,b_occ_median,k_nominal,prob_false_eclipse,prob_grazing_eclipse,prob_true_eclipse,dominant_regime
K2-232b,False,0.1115,0.0881,0.0,0.0,1.0,True Eclipse
Qatar-10b,False,0.3344,0.1265,0.0,0.0,1.0,True Eclipse
WASP-60b,False,0.3312,0.0775,0.0029,0.0112,0.9859,True Eclipse
WASP-20b,False,0.7045,0.1079,0.0007,0.0683,0.931,True Eclipse
HATS-52b,False,0.4488,0.1352,0.0,0.001,0.999,True Eclipse
TOI-1820b,False,0.8537,0.0777,0.0,0.1007,0.8993,True Eclipse
TOI-2202b,False,0.323,0.1265,0.0,0.0,1.0,True Eclipse
TOI-4087b,False,0.3093,0.1076,0.0,0.0,1.0,True Eclipse
WASP-2b,False,0.7315,0.1283,0.0012,0.1391,0.8596,True Eclipse
K2-237b,False,0.1773,0.119,0.0,0.0,1.0,True Eclipse
KELT-20b,True,0.4891,0.1144,0.0,0.0,1.0,True Eclipse
WASP-107b,False,0.0871,0.1464,0.0,0.0,1.0,True Eclipse
TOI-2498b,False,0.4332,0.04,0.0079,0.0104,0.9817,True Eclipse
WASP-197b,False,0.4156,0.0627,0.0,0.0,1.0,True Eclipse
WASP-187b,False,0.7354,0.0596,0.009,0.0581,0.933,True Eclipse
Kepler-1517b,False,0.8115,0.0505,0.3056,0.0793,0.615,True Eclipse
WASP-170b,False,0.6728,0.1175,0.0002,0.0494,0.9504,True Eclipse
WASP-61b,False,0.09,0.0895,0.0,0.0,1.0,True Eclipse
WASP-37b,False,0.1764,0.1188,0.0,0.0,1.0,True Eclipse
WASP-46b,True,0.7181,0.1407,0.0003,0.125,0.8747,True Eclipse
HD191939b,False,0.6126,0.0332,0.0,0.0,1.0,True Eclipse
TOI-4914b,False,1.7065,0.118,1.0,0.0,0.0,False Eclipse
TOI-1898b,False,1.8448,0.0534,0.9646,0.0156,0.0198,False Eclipse
WASP-17b,True,0.3792,0.1302,0.0,0.0,1.0,True Eclipse
TOI-5108b,False,0.8524,0.0472,0.0989,0.1557,0.7454,True Eclipse
WASP-91b,False,0.4869,0.1231,0.0,0.0003,0.9997,True Eclipse
WASP-121b,True,0.1479,0.1245,0.0,0.0,1.0,True Eclipse
WASP-172b,False,0.4267,0.0845,0.0001,0.0024,0.9975,True Eclipse
HATS-51b,False,0.3262,0.101,0.0,0.0022,0.9977,True Eclipse
WASP-173Ab,False,0.262,0.1203,0.0,0.0005,0.9995,True Eclipse
Kepler-138b,False,0.7109,0.011,0.0,0.0,0.0,False Eclipse
HD118203b,False,0.1506,0.0554,0.0,0.0,1.0,True Eclipse
WASP-136b,False,0.5707,0.064,0.0,0.0016,0.9984,True Eclipse
WASP-186b,False,0.8475,0.078,0.1891,0.1979,0.613,True Eclipse
TRAPPIST-1b,True,0.0894,0.0859,0.0,0.0,1.0,True Eclipse
TRAPPIST-1c,True,0.1028,0.0844,0.0,0.0,1.0,True Eclipse
TRAPPIST-1d,False,0.0666,0.0606,0.0,0.0,1.0,True Eclipse
TRAPPIST-1e,False,0.1817,0.0708,0.0,0.0,1.0,True Eclipse
TRAPPIST-1f,False,0.3079,0.0804,0.0,0.0,1.0,True Eclipse
TRAPPIST-1g,False,0.3731,0.0869,0.0,0.0,1.0,True Eclipse
TRAPPIST-1h,False,0.3697,0.0581,0.0,0.0,1.0,True Eclipse
WASP-148b,False,0.2749,0.085,0.0,0.0,1.0,True Eclipse
GJ341b,False,0.2846,0.016,0.0062,0.0021,0.9916,True Eclipse
TOI-5882b,False,0.1994,0.0465,0.0,0.0,1.0,True Eclipse
LHS1678c,False,0.4441,0.0262,0.0,0.0,1.0,True Eclipse
Kepler-444e,False,0.2872,0.0066,0.0,0.0,1.0,True Eclipse
WASP-62b,True,0.2321,0.1067,0.0,0.0,1.0,True Eclipse
WASP-89b,False,0.1133,0.1214,0.0,0.0,1.0,True Eclipse
XO-7b,False,0.7299,0.0953,0.0,0.0,1.0,True Eclipse
K2-415b,False,0.3302,0.0472,0.0003,0.0011,0.9986,True Eclipse
HATS-13b,False,0.2352,0.1402,0.0,0.0,1.0,True Eclipse
Qatar-7b,False,0.0762,0.11,0.0,0.0,1.0,True Eclipse
TOI-1248b,False,0.5608,0.0719,0.0005,0.0085,0.991,True Eclipse
HAT-P-60b,False,0.6574,0.0762,0.0001,0.0092,0.9908,True Eclipse
HATS-3b,False,0.4773,0.1011,0.0,0.0,1.0,True Eclipse
TOI-3568b,False,0.1758,0.067,0.0006,0.0024,0.997,True Eclipse
HD77946b,False,0.4297,0.0189,0.0079,0.0038,0.9884,True Eclipse
TOI-150.01,False,0.3126,0.0826,0.0,0.0,1.0,True Eclipse
WASP-72b,False,0.5438,0.0656,0.0132,0.0339,0.9529,True Eclipse
HAT-P-43b,False,0.1767,0.1193,0.0,0.0,1.0,True Eclipse
TOI-169b,False,0.9018,0.0866,0.1295,0.343,0.5275,True Eclipse
HAT-P-15b,False,0.2425,0.1019,0.0,0.0,1.0,True Eclipse
Wolf327b,False,0.4584,0.028,0.0,0.0,1.0,True Eclipse
TOI-700c,False,0.9526,0.0573,0.1514,0.3864,0.4622,True Eclipse
TOI-3235b,False,0.4976,0.2828,0.0,0.011,0.989,True Eclipse
K2-198b,False,0.4789,0.039,0.0,0.0,1.0,True Eclipse
WASP-69b,True,0.6684,0.1336,0.0,0.0,0.0,False Eclipse
TOI-1296b,False,0.1374,0.076,0.0,0.0,1.0,True Eclipse
XO-5b,False,0.5312,0.1039,0.0,0.0003,0.9997,True Eclipse
WASP-181b,False,0.3234,0.1261,0.0,0.0004,0.9996,True Eclipse
HATS-65b,False,0.647,0.1181,0.0,0.0233,0.9767,True Eclipse
TOI-1452b,False,0.1715,0.0557,0.0,0.0,1.0,True Eclipse
KELT-6b,False,0.2217,0.0776,0.0,0.0,1.0,True Eclipse
TOI-1836b,False,0.4525,0.0465,0.0,0.0,1.0,True Eclipse
HATS-58Ab,False,0.6358,0.0786,0.0002,0.0101,0.9897,True Eclipse
K2-3b,False,0.3094,0.0349,0.0,0.0,1.0,True Eclipse
HAT-P-18b,False,0.3489,0.1365,0.0,0.0,1.0,True Eclipse
HD207496b,False,0.5205,0.0266,0.0669,0.0229,0.9102,True Eclipse
WASP-45b,False,0.8532,0.1137,0.042,0.372,0.586,True Eclipse
TOI-1789b,False,0.9451,0.068,0.2477,0.2847,0.4676,True Eclipse
K2-198d,False,0.033,0.022,0.0,0.0,1.0,True Eclipse
WASP-94Ab,True,0.1775,0.1097,0.0,0.0,1.0,True Eclipse
TOI-2193Ab,False,0.973,0.1457,0.0,0.0,0.0,False Eclipse
Kepler-6b,True,0.1331,0.0942,0.0,0.0,1.0,True Eclipse
GJ367b,True,0.5955,0.014,0.0,0.0,1.0,True Eclipse
TOI-451d,False,0.373,0.0425,0.0,0.0,1.0,True Eclipse
WASP-93b,False,0.887,0.1077,0.0838,0.401,0.5152,True Eclipse
TOI-1899b,False,0.3237,0.168,0.0,0.0,1.0,True Eclipse
HATS-24b,False,0.3126,0.1334,0.0,0.0,1.0,True Eclipse
EPIC211945201b,False,0.8251,0.0407,0.077,0.1107,0.8123,True Eclipse
TOI-1135b,False,0.0068,0.0697,0.0,0.0,1.0,True Eclipse
TOI-4137b,False,0.5841,0.0865,0.0,0.0,1.0,True Eclipse
HAT-P-31b,False,0.3219,0.08,0.0022,0.0098,0.988,True Eclipse
WASP-31b,False,0.7482,0.1273,0.0,0.0,0.0,False Eclipse
WASP-96b,True,0.698,0.1174,0.001,0.0832,0.9158,True Eclipse
TOI-481b,False,0.1989,0.0614,0.0,0.0,1.0,True Eclipse
HAT-P-57b,False,0.1622,0.0967,0.0,0.0,1.0,True Eclipse
HAT-P-37b,False,0.5026,0.1378,0.0,0.0,1.0,True Eclipse
TOI-3976Ab,False,0.4864,0.075,0.0,0.0001,0.9999,True Eclipse
HAT-P-67b,False,0.1102,0.0834,0.0,0.0,1.0,True Eclipse
K2-155c,False,0.46,0.0321,0.0664,0.0241,0.9094,True Eclipse
TOI-1273b,False,1.0103,0.096,0.2305,0.5874,0.1822,Grazing Eclipse
TOI-1518b,True,0.8868,0.0988,0.0843,0.3783,0.5375,True Eclipse
WASP-149b,False,0.5671,0.1297,0.0,0.0017,0.9983,True Eclipse
TIC393818343b,False,0.1225,0.103,0.0,0.0,1.0,True Eclipse
TOI-2407b,False,0.2698,0.0689,0.0,0.0,1.0,True Eclipse
K2-406b,False,0.513,0.0439,0.0366,0.0308,0.9326,True Eclipse
TOI-5803b,False,0.3245,0.0393,0.0045,0.0054,0.9901,True Eclipse
HD42813b,False,0.2487,0.032,0.0001,0.0002,0.9997,True Eclipse
TOI-837b,False,0.8949,0.0798,0.1308,0.3094,0.5598,True Eclipse
LP714-47b,False,0.7293,0.0751,0.0,0.0014,0.9986,True Eclipse
WASP-26b,True,0.8075,0.1019,0.0371,0.2559,0.707,True Eclipse
WASP-74b,True,0.8415,0.0984,0.0315,0.2974,0.6711,True Eclipse
K2-107b,False,0.777,0.083,0.0369,0.1713,0.7918,True Eclipse
WASP-184b,False,0.4226,0.0828,0.0001,0.0024,0.9975,True Eclipse
LHS1678d,False,0.7663,0.0273,0.0002,0.0023,0.9975,True Eclipse
TOI-1685b,False,0.4561,0.0317,0.0,0.0,1.0,True Eclipse
HATS-10b,False,0.3124,0.0903,0.0,0.0,1.0,True Eclipse
AUMicb,False,0.1388,0.0488,0.0,0.0,1.0,True Eclipse
TOI-1410.01,False,0.5412,0.0376,0.0,0.0001,0.9999,True Eclipse
HD152843c,False,0.4876,0.0376,0.0,0.0,1.0,True Eclipse
LTT1445Ab,True,0.2753,0.0458,0.0001,0.0006,0.9992,True Eclipse
TOI-3071b,False,0.5377,0.05,0.0,0.0009,0.999,True Eclipse
KELT-11b,False,0.4079,0.0514,0.0,0.0,1.0,True Eclipse
TOI-178e,False,0.5605,0.0311,0.0001,0.0006,0.9994,True Eclipse
TOI-178g,False,0.85,0.0404,0.1005,0.128,0.7714,True Eclipse
TOI-2207b,False,0.2336,0.0654,0.0,0.0,1.0,True Eclipse
TOI-244b,False,0.7965,0.0326,0.0854,0.0741,0.8405,True Eclipse
TOI-913b,False,0.3363,0.0306,0.0108,0.007,0.9822,True Eclipse
GJ357b,False,0.2825,0.0309,0.0001,0.0001,0.9998,True Eclipse
LHS1140b,False,0.2183,0.0735,0.0,0.0,1.0,True Eclipse
LHS1140c,True,0.0845,0.054,0.0,0.0,1.0,True Eclipse
TOI-2969b,False,0.6896,0.1613,0.0002,0.1308,0.869,True Eclipse
TOI-2989b,False,0.3462,0.152,0.0,0.0,1.0,True Eclipse
TOI-5300b,False,0.1264,0.1389,0.0,0.0,1.0,True Eclipse
MASCARA-4b,False,0.2946,0.0869,0.0,0.0,1.0,True Eclipse
TOI-1468b,True,0.4581,0.0346,0.0,0.0,1.0,True Eclipse
TOI-1468c,False,0.6879,0.0526,0.0006,0.0105,0.9889,True Eclipse
TOI-470b,False,0.2295,0.0477,0.0001,0.0004,0.9995,True Eclipse
TOI-4600b,False,0.3179,0.0769,0.0,0.0002,0.9998,True Eclipse
LP791-18d,False,0.2695,0.0519,0.0,0.0,1.0,True Eclipse
TOI-5319b,False,0.2643,0.0609,0.0009,0.003,0.9961,True Eclipse
SPECULOOS-3b,False,0.115,0.0727,0.0,0.0,1.0,True Eclipse
K2-260b,False,0.0799,0.0962,0.0,0.0,1.0,True Eclipse
WASP-85Ab,False,0.0457,0.1363,0.0,0.0,1.0,True Eclipse
WASP-157b,False,0.8564,0.0965,0.0803,0.3073,0.6125,True Eclipse
WASP-25b,False,0.3565,0.1374,0.0,0.0,1.0,True Eclipse
TOI-3894b,False,0.7218,0.093,0.0,0.0047,0.9953,True Eclipse
KELT-1b,True,0.2329,0.0774,0.0,0.0,1.0,True Eclipse
HD28109c,False,0.3419,0.0263,0.0,0.0,1.0,True Eclipse
TOI-1478b,False,0.478,0.104,0.0,0.0,1.0,True Eclipse
WASP-48b,False,0.7101,0.0976,0.003,0.0796,0.9174,True Eclipse
WASP-12b,True,0.3377,0.1178,0.0,0.0,1.0,True Eclipse
TOI-771b,False,0.2162,0.0537,0.0,0.0,1.0,True Eclipse
WASP-154b,False,0.2968,0.12,0.0,0.0,1.0,True Eclipse
TOI-1136e,False,0.3464,0.025,0.0,0.0,1.0,True Eclipse
WASP-71b,False,0.3513,0.0664,0.0001,0.0006,0.9993,True Eclipse
LHS3844b,False,0.1745,0.0635,0.0,0.0,1.0,True Eclipse
K2-32b,False,0.3444,0.0564,0.0,0.0,1.0,True Eclipse
TOI-5005b,False,0.1159,0.0616,0.0,0.0,1.0,True Eclipse
K2-32c,False,0.3671,0.0334,0.0,0.0,0.9999,True Eclipse
HD63935b,False,0.4786,0.0285,0.0,0.0,1.0,True Eclipse
CoRoT-19b,False,0.2301,0.0786,0.0,0.0,1.0,True Eclipse
HD189733b,True,0.6378,0.1504,0.0,0.0261,0.9739,True Eclipse
KELT-17b,False,0.5546,0.0953,0.0,0.0003,0.9997,True Eclipse
TOI-1260b,False,0.183,0.0329,0.0,0.0,1.0,True Eclipse
WASP-79b,True,0.4912,0.1041,0.0,0.0,1.0,True Eclipse
TOI-561c,False,0.1161,0.0316,0.0,0.0,1.0,True Eclipse
K2-139b,False,0.2911,0.0961,0.0004,0.0048,0.9949,True Eclipse
Qatar-5b,False,0.1681,0.1061,0.0,0.0,1.0,True Eclipse
TOI-431b,True,0.3098,0.0161,0.0,0.0,0.0,False Eclipse
HATS-60b,False,0.4377,0.0811,0.0,0.0,1.0,True Eclipse
WASP-55b,False,0.0683,0.1254,0.0,0.0,1.0,True Eclipse
WASP-33b,True,0.2071,0.1118,0.0,0.0,1.0,True Eclipse
TOI-2152Ab,False,0.4319,0.0816,0.0,0.0002,0.9998,True Eclipse
Qatar-6b,False,0.8938,0.1516,0.0,0.7599,0.2401,Grazing Eclipse
K2-36c,False,0.8482,0.0412,0.0926,0.1316,0.7757,True Eclipse
WASP-155b,False,0.4171,0.0997,0.0,0.0,1.0,True Eclipse
HATS-25b,False,0.4973,0.1171,0.0001,0.0095,0.9904,True Eclipse
HAT-P-9b,False,0.5388,0.107,0.0,0.0,1.0,True Eclipse
WASP-178b,False,0.6093,0.1107,0.0,0.0075,0.9925,True Eclipse
TOI-500b,False,0.509,0.0158,0.0,0.0001,0.9999,True Eclipse
WASP-54b,False,0.5367,0.0927,0.0,0.0,1.0,True Eclipse
GJ3470b,True,0.2734,0.0764,0.0,0.0,1.0,True Eclipse
WASP-58b,False,0.4499,0.1203,0.0086,0.0563,0.9352,True Eclipse
Kepler-1656b,False,0.4351,0.0419,0.0266,0.0209,0.9525,True Eclipse
NGTS-12b,False,0.1816,0.0678,0.0,0.0,1.0,True Eclipse
TOI-277b,False,0.2853,0.0671,0.0,0.0,0.0,False Eclipse
TOI-6038Ab,False,0.1464,0.0357,0.0,0.0,1.0,True Eclipse
WASP-123b,False,0.5088,0.1054,0.0,0.0007,0.9993,True Eclipse
TOI-3714b,False,0.2605,0.204,0.0,0.0,1.0,True Eclipse
WASP-28b,False,0.1975,0.1139,0.0,0.0,1.0,True Eclipse
K2-280b,False,0.1389,0.0535,0.0,0.0,1.0,True Eclipse
HD202772Ab,True,0.4239,0.0613,0.0,0.0,1.0,True Eclipse
HAT-P-29b,False,0.3901,0.0885,0.0,0.0,1.0,True Eclipse
TOI-1693b,False,0.2846,0.0281,0.0,0.0,0.0,False Eclipse
TOI-1803c,False,0.7582,0.055,0.0153,0.0706,0.9142,True Eclipse
WASP-92b,False,0.592,0.112,0.0001,0.0128,0.9872,True Eclipse
HAT-P-34b,False,0.4695,0.0801,0.001,0.0101,0.9889,True Eclipse
WASP-80b,True,0.2168,0.1714,0.0,0.0,1.0,True Eclipse
LHS475b,False,0.6813,0.0317,0.0049,0.0125,0.9826,True Eclipse
TOI-4010c,False,0.3097,0.065,0.0,0.0,1.0,True Eclipse
HATS-33b,False,0.3034,0.116,0.0,0.0001,0.9999,True Eclipse
TOI-2583Ab,False,0.2481,0.0898,0.0,0.0,1.0,True Eclipse
HD23472c,False,0.7885,0.0243,0.008,0.0198,0.9722,True Eclipse
WASP-83b,False,0.2036,0.1018,0.0,0.0,1.0,True Eclipse
LP791-18b,False,0.4557,0.0604,0.1755,0.0574,0.7671,True Eclipse
K2-26b,False,0.4958,0.0471,0.1309,0.0465,0.8226,True Eclipse
KELT-21b,False,0.4081,0.0995,0.0,0.0,1.0,True Eclipse
XO-4b,True,0.1514,0.0886,0.0,0.0,1.0,True Eclipse
TOI-559b,False,0.1792,0.091,0.0,0.0,1.0,True Eclipse
WASP-169b,False,0.2395,0.0666,0.0001,0.0005,0.9994,True Eclipse
HAT-P-39b,False,0.3273,0.0993,0.0,0.0,1.0,True Eclipse
TOI-892b,False,0.4167,0.079,0.0,0.0001,0.9999,True Eclipse
WASP-5b,True,0.3527,0.1106,0.0,0.0,1.0,True Eclipse
TOI-1472b,False,0.3934,0.0455,0.0,0.0002,0.9997,True Eclipse
TOI-942c,False,0.258,0.048,0.0,0.0001,0.9998,True Eclipse
K2-24b,False,0.3362,0.0431,0.0044,0.0064,0.9892,True Eclipse
TOI-615b,False,0.4609,0.1002,0.0,0.0,1.0,True Eclipse
TOI-2136b,False,0.4587,0.0588,0.0,0.0,1.0,True Eclipse
TOI-1776b,False,0.4846,0.0119,0.0,0.0,1.0,True Eclipse
WASP-130b,False,0.5062,0.0953,0.0,0.0001,0.9999,True Eclipse
TOI-2427b,False,0.8414,0.0254,0.0,0.0,0.0,False Eclipse
L168-9b,False,0.7067,0.0247,0.0487,0.0327,0.9185,True Eclipse
TOI-216.01,False,0.1571,0.1235,0.0,0.0,1.0,True Eclipse
TOI-1807b,False,0.5046,0.0182,0.001,0.0011,0.9979,True Eclipse
HATS-30b,False,0.4668,0.1137,0.0,0.0002,0.9998,True Eclipse
TOI-4153b,False,0.1846,0.0921,0.0,0.0,1.0,True Eclipse
TOI-1181b,False,0.2055,0.0764,0.0,0.0,1.0,True Eclipse
TOI-2570b,False,0.3221,0.1142,0.0,0.0,1.0,True Eclipse
HATS-4b,False,0.2192,0.1132,0.0,0.0,1.0,True Eclipse
HAT-P-62b,False,0.2343,0.0942,0.0,0.0,1.0,True Eclipse
HD23472f,False,0.5849,0.0148,0.0293,0.0099,0.9608,True Eclipse
TOI-257b,False,0.6292,0.0352,0.0002,0.0013,0.9985,True Eclipse
WASP-175b,False,0.6187,0.1031,0.0004,0.0283,0.9712,True Eclipse
TOI-2134c,False,1.3007,0.094,0.5903,0.0743,0.3355,False Eclipse
WASP-158b,False,0.2895,0.0791,0.0,0.0009,0.9991,True Eclipse
TOI-4994b,False,0.2591,0.0742,0.0,0.0001,0.9998,True Eclipse
K2-238b,False,0.5664,0.08,0.0078,0.0412,0.951,True Eclipse
WASP-162b,False,0.1643,0.0926,0.0,0.0,1.0,True Eclipse
KELT-15b,False,0.1705,0.1001,0.0,0.0,1.0,True Eclipse
LP791-18c,False,0.1307,0.1226,0.0,0.0,1.0,True Eclipse
TIC46432937b,False,0.8129,0.2301,0.0017,0.6173,0.381,Grazing Eclipse
TOI-3819b,False,0.787,0.0783,0.0202,0.152,0.8277,True Eclipse
TOI-181b,False,0.4001,0.0854,0.0,0.0,1.0,True Eclipse
TOI-2803Ab,False,0.0901,0.1334,0.0,0.0,1.0,True Eclipse
WASP-53b,False,0.5541,0.1383,0.0,0.0,0.0,False Eclipse
TOI-199b,False,0.0021,0.1015,0.0,0.0,0.0,False Eclipse
HAT-P-25b,False,0.3338,0.1269,0.0,0.0,1.0,True Eclipse
TOI-3331Ab,False,0.5683,0.125,0.0,0.0,1.0,True Eclipse
Kepler-25c,False,0.8834,0.0364,0.0,0.0,1.0,True Eclipse
WASP-161b,False,0.1353,0.0671,0.0,0.0,1.0,True Eclipse
TOI-1249b,False,0.5808,0.0306,0.0295,0.0217,0.9488,True Eclipse
TrES-1b,True,-0.0002,0.1366,0.0,0.0,1.0,True Eclipse
HAT-P-24b,False,0.185,0.097,0.0,0.0,1.0,True Eclipse
HAT-P-50b,False,0.6053,0.0782,0.0001,0.0062,0.9937,True Eclipse
HAT-P-51b,False,0.2606,0.1278,0.0,0.0,1.0,True Eclipse
TOI-5800b,False,0.5166,0.0307,0.0,0.0,0.0,False Eclipse
Kepler-435b,False,0.5327,0.0638,0.0,0.0,1.0,True Eclipse
HATS-35b,False,0.2471,0.1051,0.0,0.0,1.0,True Eclipse
HD183579b,False,0.4404,0.0333,0.0,0.0,1.0,True Eclipse
WASP-193b,False,0.3074,0.1214,0.0,0.0,1.0,True Eclipse
K2-99b,False,0.2785,0.0426,0.0,0.0,1.0,True Eclipse
HR858b,False,0.5706,0.0146,0.0,0.0001,0.9999,True Eclipse
NGTS-8b,False,0.4145,0.114,0.0,0.0,1.0,True Eclipse
TOI-2459b,False,0.2985,0.04,0.0026,0.004,0.9934,True Eclipse
WASP-35b,False,0.293,0.1237,0.0,0.0,1.0,True Eclipse
TOI-1266c,False,0.7478,0.0453,0.0169,0.0528,0.9302,True Eclipse
WASP-76b,True,0.1055,0.1087,0.0,0.0,1.0,True Eclipse
TOI-640b,False,0.8906,0.0874,0.0054,0.3824,0.6122,True Eclipse
TOI-2567b,False,0.256,0.0594,0.0,0.0,1.0,True Eclipse
TOI-7041b,False,0.2082,0.0256,0.0,0.0,1.0,True Eclipse
WASP-14b,True,0.466,0.0965,0.0002,0.0071,0.9927,True Eclipse
WASP-66b,False,0.4501,0.0817,0.0,0.0005,0.9995,True Eclipse
TOI-3629b,False,0.2392,0.126,0.0,0.0,1.0,True Eclipse
WASP-34b,False,0.987,0.1348,0.0115,0.9568,0.0317,Grazing Eclipse
Kepler-18c,False,0.5629,0.0455,0.0,0.0004,0.9996,True Eclipse
K2-353b,False,0.7293,0.0503,0.1077,0.0933,0.799,True Eclipse
WASP-6b,True,0.2811,0.145,0.0,0.0,1.0,True Eclipse
TOI-2374b,False,0.6222,0.091,0.0001,0.0122,0.9876,True Eclipse
WASP-189b,True,0.4675,0.0704,0.0,0.0,1.0,True Eclipse
HAT-P-38b,False,0.3526,0.0918,0.0,0.0001,0.9999,True Eclipse
Kepler-109c,False,0.0155,0.0175,0.0,0.0,1.0,True Eclipse
K2-138f,False,0.5513,0.0308,0.0,0.0,1.0,True Eclipse
TOI-778b,False,0.742,0.0825,0.0,0.0013,0.9987,True Eclipse
WASP-64b,True,0.3048,0.1234,0.0,0.0,1.0,True Eclipse
WASP-52b,False,0.5899,0.1652,0.0,0.0104,0.9896,True Eclipse
WASP-4b,True,0.0468,0.1528,0.0,0.0,1.0,True Eclipse
TOI-4559b,False,0.4192,0.035,0.0696,0.0263,0.9041,True Eclipse
HAT-P-35b,False,0.356,0.0954,0.0,0.0,1.0,True Eclipse
WASP-139b,False,0.2994,0.1028,0.0,0.0001,0.9999,True Eclipse
TOI-2714b,False,0.3476,0.101,0.0,0.0015,0.9984,True Eclipse
TOI-1601b,False,0.1371,0.0583,0.0,0.0,1.0,True Eclipse
WASP-75b,False,0.8617,0.1036,0.0724,0.3456,0.5821,True Eclipse
CoRoT-11b,False,0.8023,0.107,0.0173,0.2468,0.7359,True Eclipse
TOI-969b,False,0.4595,0.0378,0.0,0.0,1.0,True Eclipse
Qatar-2b,False,0.0313,0.1621,0.0,0.0,1.0,True Eclipse
TOI-3082b,False,0.3095,0.0489,0.0046,0.0077,0.9878,True Eclipse
Kepler-102e,False,0.6631,0.0306,0.1713,0.044,0.7847,True Eclipse
LHS1678b,False,0.205,0.019,0.0,0.0,1.0,True Eclipse
WASP-13b,False,0.5686,0.0915,0.0,0.0013,0.9987,True Eclipse
TOI-1107b,False,0.1587,0.0738,0.0,0.0,1.0,True Eclipse
TOI-2842b,False,0.7588,0.0931,0.012,0.1459,0.8421,True Eclipse
HATS-39b,False,0.6762,0.0993,0.0009,0.0479,0.9512,True Eclipse
GJ3473b,False,0.317,0.0318,0.0,0.0,1.0,True Eclipse
WASP-168b,False,0.9028,0.1376,0.1201,0.4611,0.4188,Grazing Eclipse
HD149026b,True,0.5486,0.0542,0.0,0.0006,0.9994,True Eclipse
TOI-674b,False,0.6068,0.114,0.0,0.0119,0.9881,True Eclipse
TOI-172b,False,0.4415,0.0559,0.0084,0.0162,0.9754,True Eclipse
GJ9827d,False,0.8764,0.0309,0.1909,0.1085,0.7006,True Eclipse
WASP-156b,False,0.1814,0.0685,0.0,0.0,1.0,True Eclipse
HATS-72b,False,0.1461,0.1029,0.0,0.0,1.0,True Eclipse
TOI-1442b,False,0.3149,0.0346,0.0,0.0,0.0,False Eclipse
HAT-P-3b,True,0.5051,0.1063,0.0,0.0033,0.9966,True Eclipse
TOI-2796b,False,0.925,0.148,0.0,0.0,0.0,False Eclipse
WASP-144b,False,0.4353,0.1078,0.0,0.0,1.0,True Eclipse
TOI-1516b,False,0.0002,0.1224,0.0,0.0,1.0,True Eclipse
TOI-1859b,False,1.3601,0.066,0.7043,0.0773,0.2184,False Eclipse
TOI-4551b,False,0.3238,0.0308,0.0001,0.0003,0.9996,True Eclipse
WASP-124b,False,0.5806,0.1249,0.0,0.0,0.0,False Eclipse
HAT-P-40b,True,0.155,0.0807,0.0,0.0,1.0,True Eclipse
TOI-824b,False,0.7219,0.0387,0.0118,0.0318,0.9564,True Eclipse
Qatar-1b,True,0.6306,0.1463,0.0,0.0188,0.9812,True Eclipse
HD260655c,False,0.8977,0.032,0.0017,0.0629,0.9353,True Eclipse
TOI-905b,False,0.8285,0.1311,0.0,0.2622,0.7378,True Eclipse
Gaia-1b,False,0.659,0.1327,0.0,0.0,0.0,False Eclipse
TOI-1136c,False,0.1325,0.0272,0.0,0.0,1.0,True Eclipse
TOI-4406b,False,0.9496,0.079,0.0037,0.7227,0.2736,Grazing Eclipse
TOI-1130b,False,-0.5284,0.047,0.0,0.0329,0.9671,True Eclipse
WASP-101b,True,0.7181,0.1122,0.0015,0.0983,0.9002,True Eclipse
NGTS-9b,False,0.9223,0.08,0.0348,0.4733,0.4919,True Eclipse
KELT-16b,False,0.2935,0.107,0.0,0.0001,0.9999,True Eclipse
TOI-2107b,False,0.0796,0.1335,0.0,0.0,1.0,True Eclipse
HAT-P-6b,True,0.5877,0.0934,0.0,0.0029,0.9971,True Eclipse
TOI-1994b,False,0.5331,0.0545,0.0483,0.0472,0.9045,True Eclipse
Gaia-2b,False,0.7649,0.1277,0.0,0.0,0.0,False Eclipse
TOI-2015b,False,0.7995,0.0928,0.0,0.025,0.975,True Eclipse
HATS-12b,False,0.5549,0.063,0.0037,0.0186,0.9777,True Eclipse
TOI-2109b,False,0.7367,0.0816,0.0017,0.0574,0.9409,True Eclipse
EPIC246851721b,False,0.6269,0.0681,0.0001,0.0028,0.9971,True Eclipse
K2-30b,False,0.736,0.1302,0.0,0.0564,0.9436,True Eclipse
K2-287b,False,0.6524,0.0801,0.0,0.0,1.0,True Eclipse
LTT9779b,True,0.8922,0.0455,0.1769,0.1753,0.6477,True Eclipse
TrES-4b,True,0.7247,0.1045,0.0031,0.1038,0.8931,True Eclipse
WASP-43b,True,0.6681,0.1588,0.0001,0.0784,0.9215,True Eclipse
HD219666b,False,0.8273,0.0421,0.0007,0.0239,0.9754,True Eclipse
HAT-P-44b,False,0.1863,0.1343,0.0,0.0,1.0,True Eclipse
Kepler-7b,True,0.5486,0.0829,0.0,0.0,1.0,True Eclipse
WASP-192b,False,0.8257,0.0958,0.0487,0.2633,0.688,True Eclipse
KOI-13b,True,0.2535,0.0874,0.0,0.0,1.0,True Eclipse
TOI-1136b,False,0.7134,0.018,0.0,0.0,1.0,True Eclipse
TOI-532b,False,0.3315,0.0877,0.0,0.0,1.0,True Eclipse
HATS-70b,False,0.2243,0.074,0.0,0.0,1.0,True Eclipse
WASP-42b,False,0.4186,0.1286,0.0,0.0,1.0,True Eclipse
TOI-2236b,False,0.7628,0.0838,0.0,0.0001,0.9998,True Eclipse
HD73583b,False,0.2035,0.038,0.0,0.0,1.0,True Eclipse
TOI-269b,False,0.8031,0.0638,0.2366,0.122,0.6414,True Eclipse
TOI-3693b,False,0.1687,0.146,0.0,0.0,1.0,True Eclipse
TOI-139b,False,0.3572,0.0321,0.015,0.0103,0.9747,True Eclipse
TOI-1244b,False,0.4255,0.0301,0.0004,0.001,0.9987,True Eclipse
TOI-238b,False,0.3991,0.02,0.0201,0.0073,0.9726,True Eclipse
K2-121b,False,0.7343,0.1089,0.0368,0.1935,0.7697,True Eclipse
TOI-157b,False,0.7874,0.1133,0.0103,0.227,0.7627,True Eclipse
HAT-P-36b,False,0.4069,0.126,0.0,0.0,1.0,True Eclipse
HAT-P-65b,False,0.4392,0.1045,0.0,0.0003,0.9997,True Eclipse
TOI-1136d,False,0.243,0.0438,0.0,0.0,1.0,True Eclipse
KELT-10b,False,0.2093,0.119,0.0,0.0,1.0,True Eclipse
WASP-129b,False,0.5831,0.1062,0.0,0.0,0.0,False Eclipse
WASP-159b,False,0.1652,0.0672,0.0,0.0,1.0,True Eclipse
TOI-2818b,False,0.3302,0.114,0.0,0.0,1.0,True Eclipse
K2-31b,False,1.0207,0.135,0.3125,0.4318,0.2557,Grazing Eclipse
HIP67522b,False,0.0256,0.0664,0.0,0.0,1.0,True Eclipse
WASP-135b,False,0.7286,0.1392,0.0026,0.1785,0.8188,True Eclipse
HATS-5b,False,0.1623,0.1076,0.0,0.0,1.0,True Eclipse
TOI-677b,False,1.8138,0.094,1.0,0.0,0.0,False Eclipse
TOI-6008b,False,0.4411,0.0387,0.0,0.0,1.0,True Eclipse
WASP-11b,False,0.0394,0.1282,0.0,0.0,1.0,True Eclipse
K2-417b,False,0.3725,0.0525,0.0357,0.0285,0.9358,True Eclipse
TOI-4479b,False,0.4313,0.062,0.0357,0.038,0.9263,True Eclipse
HAT-P-63b,False,0.242,0.1191,0.0,0.0,1.0,True Eclipse
TOI-1180b,False,0.4592,0.0375,0.0044,0.0074,0.9882,True Eclipse
Kepler-450b,False,0.4441,0.0354,0.0108,0.011,0.9783,True Eclipse
TOI-125b,False,0.2201,0.0295,0.0,0.0,1.0,True Eclipse
WASP-50b,False,0.6858,0.1404,0.0,0.0041,0.9959,True Eclipse
HD209458b,True,0.4978,0.12,0.0,0.0,1.0,True Eclipse
HD110067f,False,0.3223,0.0303,0.0,0.0,1.0,True Eclipse
TOI-163b,False,0.348,0.0908,0.0,0.0,1.0,True Eclipse
WASP-153b,False,0.5898,0.092,0.0001,0.0086,0.9912,True Eclipse
HAT-P-46b,False,0.7066,0.0942,0.0708,0.1544,0.7749,True Eclipse
HATS-64b,False,0.2968,0.0817,0.0,0.0,1.0,True Eclipse
WASP-10b,True,0.5529,0.1697,0.0,0.0036,0.9964,True Eclipse
WASP-160Bb,False,0.1872,0.129,0.0,0.0,1.0,True Eclipse
Qatar-4b,False,0.2755,0.1379,0.0,0.0018,0.9982,True Eclipse
TOI-2000c,False,0.608,0.0658,0.0,0.0,1.0,True Eclipse
TOI-1260d,False,0.5217,0.0425,0.0,0.0001,0.9999,True Eclipse
L98-59b,False,0.5926,0.0251,0.0213,0.0152,0.9635,True Eclipse
LTT1445Ac,False,0.9355,0.0396,0.2848,0.1595,0.5557,True Eclipse
HATS-55b,False,0.6489,0.1141,0.0,0.0244,0.9756,True Eclipse
WASP-105b,False,0.0861,0.1096,0.0,0.0,1.0,True Eclipse
XO-2Nb,True,0.1587,0.1051,0.0,0.0,0.0,False Eclipse
TOI-954b,False,0.5081,0.0462,0.0003,0.0022,0.9974,True Eclipse
Qatar-8b,False,0.084,0.1005,0.0,0.0,1.0,True Eclipse
TOI-125c,False,0.5304,0.0298,0.0,0.0001,0.9999,True Eclipse
TOI-178d,False,0.4662,0.0362,0.0,0.0,1.0,True Eclipse
KELT-24b,False,0.0607,0.087,0.0,0.0,1.0,True Eclipse
TOI-2076d,False,0.7682,0.038,0.0215,0.0518,0.9268,True Eclipse
TOI-1937Ab,False,0.8459,0.1187,0.0269,0.3787,0.5944,True Eclipse
WASP-116b,False,0.0694,0.0881,0.0,0.0,1.0,True Eclipse
GJ9827b,False,0.4571,0.0242,0.0002,0.0003,0.9996,True Eclipse
TOI-406c,False,0.7268,0.0297,0.0069,0.0172,0.9759,True Eclipse
HATS-27b,False,0.3258,0.0895,0.0,0.0007,0.9993,True Eclipse
TOI-858Bb,False,0.3885,0.0986,0.0,0.0,1.0,True Eclipse
HAT-P-2b,True,0.3588,0.0723,0.0,0.0,1.0,True Eclipse
K2-129b,False,0.455,0.0266,0.0277,0.0133,0.959,True Eclipse
WASP-167b,False,0.7467,0.0907,0.0094,0.1279,0.8627,True Eclipse
HAT-P-22b,False,0.4612,0.1065,0.0,0.0,1.0,True Eclipse
TOI-3785b,False,0.6386,0.0962,0.0,0.0,1.0,True Eclipse
WASP-90b,False,0.816,0.0846,0.0418,0.22,0.7381,True Eclipse
TOI-5126b,False,0.2239,0.035,0.0,0.0,1.0,True Eclipse
K2-33b,False,0.1458,0.0432,0.0,0.0,1.0,True Eclipse
KELT-7b,True,0.5788,0.091,0.0,0.0017,0.9983,True Eclipse
TOI-2120b,False,0.7226,0.0796,0.0356,0.1217,0.8428,True Eclipse
TOI-2005b,False,0.5267,0.0511,0.0761,0.0485,0.8754,True Eclipse
WASP-44b,False,0.5138,0.1248,0.0,0.0065,0.9935,True Eclipse
HD3167b,False,0.1592,0.0171,0.0,0.0,1.0,True Eclipse
TOI-421c,False,0.9457,0.0542,0.0746,0.4252,0.5002,True Eclipse
TOI-2328b,False,0.728,0.102,0.0,0.0016,0.9984,True Eclipse
WASP-113b,False,0.4578,0.09,0.0001,0.0021,0.9978,True Eclipse
TOI-1798.01,False,0.2584,0.0276,0.0,0.0,1.0,True Eclipse
TOI-2977b,False,0.087,0.1124,0.0,0.0,1.0,True Eclipse
K2-34b,False,0.835,0.0905,0.0506,0.2641,0.6853,True Eclipse
TOI-451c,False,0.128,0.0324,0.0,0.0,1.0,True Eclipse
V1298Taub,False,0.3241,0.0713,0.0,0.0005,0.9994,True Eclipse
WASP-81b,False,0.1414,0.1145,0.0,0.0,0.0,False Eclipse
TOI-3493b,False,0.1595,0.024,0.0,0.0,0.0,False Eclipse
TOI-1411b,False,0.2428,0.0179,0.0,0.0,1.0,True Eclipse
TrES-5b,False,0.5961,0.143,0.0,0.0087,0.9913,True Eclipse
HD101581c,False,0.6813,0.0144,0.009,0.0061,0.9849,True Eclipse
TOI-1064c,False,0.775,0.0335,0.0,0.0001,0.9999,True Eclipse
G9-40b,False,0.4959,0.0575,0.0,0.0,1.0,True Eclipse
HAT-P-28b,False,0.2882,0.113,0.0,0.0,1.0,True Eclipse
HATS-29b,False,0.4806,0.1201,0.0,0.0002,0.9998,True Eclipse
TOI-2443b,False,0.1235,0.0344,0.0,0.0,1.0,True Eclipse
HIP116454b,False,0.5044,0.0298,0.0194,0.0146,0.966,True Eclipse
WASP-106b,False,0.398,0.0756,0.0,0.0,1.0,True Eclipse
TOI-216.02,False,0.9109,0.0833,0.0028,0.4599,0.5373,True Eclipse
TOI-1470b,False,0.5705,0.0426,0.0,0.0,1.0,True Eclipse
HD109833b,False,0.63,0.0265,0.0878,0.0318,0.8804,True Eclipse
WASP-133b,False,0.2562,0.0863,0.0,0.0,0.0,False Eclipse
WASP-88b,False,0.2178,0.084,0.0,0.0,1.0,True Eclipse
TOI-1184b,False,0.6464,0.0317,0.0243,0.0259,0.9497,True Eclipse
TOI-270c,False,0.2891,0.057,0.0,0.0,1.0,True Eclipse
HAT-P-52b,False,0.4286,0.1161,0.0,0.0017,0.9983,True Eclipse
Kepler-63b,False,0.4805,0.0592,0.0127,0.0251,0.9622,True Eclipse
WASP-7b,False,0.0587,0.0764,0.0,0.0,1.0,True Eclipse
HD108236d,False,0.3546,0.028,0.0003,0.0005,0.9992,True Eclipse
HIP67522c,False,0.2674,0.0528,0.0215,0.0197,0.9588,True Eclipse
piMenc,False,0.5824,0.017,0.0,0.0,1.0,True Eclipse
KELT-8b,False,0.7624,0.1145,0.0006,0.1216,0.8778,True Eclipse
TOI-4145Ab,False,0.786,0.142,0.0052,0.297,0.6978,True Eclipse
L98-59c,False,0.5687,0.0409,0.0,0.0,1.0,True Eclipse
GJ806b,False,0.2755,0.0294,0.0,0.0,1.0,True Eclipse
TOI-1811b,False,0.7688,0.1327,0.0,0.0239,0.9761,True Eclipse
TOI-1775b,False,0.1599,0.089,0.0,0.0,1.0,True Eclipse
HAT-P-26b,False,0.3156,0.0737,0.0,0.0001,0.9999,True Eclipse
WASP-8b,True,0.3173,0.113,0.0,0.0,1.0,True Eclipse
TOI-620b,False,0.7332,0.0627,0.0044,0.0482,0.9474,True Eclipse
TOI-5143c,False,0.963,0.175,0.1101,0.6751,0.2147,Grazing Eclipse
HD106315c,False,0.6642,0.0309,0.0598,0.0377,0.9025,True Eclipse
GJ1214b,True,0.2682,0.1159,0.0,0.0,1.0,True Eclipse
HATS-40b,False,0.3121,0.0716,0.0,0.0001,0.9999,True Eclipse
WASP-138b,False,0.1859,0.0824,0.0,0.0,1.0,True Eclipse
WASP-56b,False,0.2678,0.101,0.0,0.0,1.0,True Eclipse
TOI-1130c,False,-0.9478,0.175,0.0001,0.9807,0.0193,Grazing Eclipse
HAT-P-42b,False,0.5465,0.086,0.0018,0.0207,0.9775,True Eclipse
HAT-P-20b,False,0.6167,0.155,0.0,0.0002,0.9998,True Eclipse
HATS-22b,False,0.5692,0.1426,0.0,0.0,1.0,True Eclipse
TOI-3364b,False,0.2022,0.079,0.0,0.0,1.0,True Eclipse
TOI-1416b,False,0.3644,0.0187,0.0,0.0,1.0,True Eclipse
NGTS-2b,False,0.19,0.0962,0.0,0.0,1.0,True Eclipse
TOI-1294b,False,0.8254,0.0596,0.0895,0.1654,0.7452,True Eclipse
K2-39b,False,0.5181,0.0192,0.0353,0.0122,0.9526,True Eclipse
K2-329b,False,0.3665,0.0968,0.0,0.0,1.0,True Eclipse
CoRoT-2b,True,0.2245,0.1663,0.0,0.0,1.0,True Eclipse
HAT-P-5b,False,0.4061,0.1106,0.0,0.0,1.0,True Eclipse
WASP-15b,False,0.5085,0.0984,0.0,0.0001,0.9999,True Eclipse
HAT-P-12b,True,0.1905,0.1406,0.0,0.0,1.0,True Eclipse
MASCARA-1b,True,0.1115,0.0788,0.0,0.0,1.0,True Eclipse
HD110082b,False,0.6188,0.025,0.1123,0.0305,0.8571,True Eclipse
TOI-270b,False,0.1955,0.0292,0.0,0.0,1.0,True Eclipse
HATS-1b,False,0.6962,0.1288,0.0083,0.1586,0.8332,True Eclipse
HAT-P-21b,False,0.3692,0.095,0.0,0.0,1.0,True Eclipse
LHS1478b,False,0.702,0.0462,0.0027,0.0183,0.979,True Eclipse
TOI-2445b,False,0.2598,0.0424,0.0,0.0,0.0,False Eclipse
TOI-4641b,False,0.7739,0.042,0.0272,0.0665,0.9063,True Eclipse
WASP-23b,False,0.2755,0.1292,0.0,0.0,1.0,True Eclipse
WASP-102b,False,0.0961,0.0997,0.0,0.0,1.0,True Eclipse
WASP-21b,False,0.5075,0.1028,0.0,0.0,1.0,True Eclipse
WASP-16b,False,0.7658,0.11,0.0123,0.1964,0.7913,True Eclipse
WASP-29b,True,0.2593,0.1002,0.0,0.0,1.0,True Eclipse
WASP-36b,True,0.6802,0.1368,0.0001,0.0719,0.928,True Eclipse
HAT-P-17b,False,0.2483,0.1238,0.0,0.0,1.0,True Eclipse
HAT-P-58b,False,0.5197,0.0895,0.0,0.0001,0.9999,True Eclipse
TOI-1450Ab,False,0.7239,0.0214,0.0,0.0,0.0,False Eclipse
HD191939c,False,0.6228,0.0312,0.0,0.0,1.0,True Eclipse
DSTucAb,False,0.1565,0.0542,0.0,0.0,1.0,True Eclipse
TOI-942b,False,0.2267,0.0425,0.0,0.0,1.0,True Eclipse
GJ9827c,False,0.4434,0.019,0.0002,0.0003,0.9995,True Eclipse
TOI-904b,False,0.625,0.039,0.1846,0.0479,0.7676,True Eclipse
WASP-41b,False,0.0952,0.1362,0.0,0.0,1.0,True Eclipse
WASP-78b,True,0.484,0.0901,0.0,0.0001,0.9999,True Eclipse
WASP-49b,False,0.7543,0.1186,0.0045,0.1744,0.8211,True Eclipse
HAT-P-8b,True,0.2549,0.0953,0.0,0.0,1.0,True Eclipse
TOI-776c,False,0.3685,0.0344,0.0,0.0002,0.9998,True Eclipse
GJ436b,True,0.7132,0.0827,0.0,0.0,0.0,False Eclipse
HAT-P-11b,True,0.2269,0.059,0.0,0.0,1.0,True Eclipse
HD97658b,False,0.2224,0.0306,0.0,0.0,1.0,True Eclipse
K2-18b,False,0.5586,0.0538,0.2295,0.0573,0.7132,True Eclipse
WASP-57b,False,0.334,0.1126,0.0,0.0,1.0,True Eclipse
HAT-P-49b,False,0.3187,0.0792,0.0,0.0,1.0,True Eclipse
WASP-73b,False,0.2384,0.057,0.0,0.0001,0.9998,True Eclipse
WASP-95b,False,0.1663,0.1028,0.0,0.0,1.0,True Eclipse
WASP-98b,False,0.6752,0.1582,0.0,0.0852,0.9147,True Eclipse
HAT-P-45b,False,0.2839,0.111,0.0,0.0,1.0,True Eclipse
WASP-117b,False,0.184,0.0897,0.0,0.0,1.0,True Eclipse
WASP-70Ab,False,0.4108,0.0984,0.0,0.0015,0.9985,True Eclipse
HAT-P-27b,False,0.8369,0.12,0.0291,0.3582,0.6128,True Eclipse
NGTS-11b,False,0.8112,0.101,0.1416,0.229,0.6295,True Eclipse
WASP-77Ab,True,0.0998,0.1335,0.0,0.0,1.0,True Eclipse
TOI-421b,False,1.1286,0.0285,0.7574,0.1052,0.1374,False Eclipse
WASP-22b,False,0.1217,0.1019,0.0,0.0,1.0,True Eclipse
WASP-126b,False,0.2547,0.0777,0.0,0.0,0.0,False Eclipse
HATS-26b,False,0.299,0.0879,0.0,0.0002,0.9998,True Eclipse
WASP-119b,False,0.5111,0.1199,0.0,0.0,0.0,False Eclipse
HAT-P-66b,False,0.3114,0.0872,0.0,0.0002,0.9998,True Eclipse
WASP-132b,False,0.1804,0.1222,0.0,0.0,1.0,True Eclipse
WASP-142b,False,0.7529,0.0959,0.008,0.1341,0.8579,True Eclipse
XO-6b,False,0.6153,0.11,0.0,0.0059,0.9941,True Eclipse
TOI-5799b,False,0.4173,0.045,0.0796,0.0343,0.8862,True Eclipse
TOI-6478b,False,0.1744,0.1803,0.0,0.0,1.0,True Eclipse
TOI-561b,False,0.0803,0.0151,0.0,0.0,1.0,True Eclipse
HAT-P-69b,False,0.3443,0.087,0.0,0.0,1.0,True Eclipse
TOI-6628b,False,0.3594,0.1,0.0,0.0,1.0,True Eclipse
HAT-P-68b,False,0.1977,0.1644,0.0,0.0,1.0,True Eclipse
WASP-24b,True,0.6363,0.0999,0.0001,0.0146,0.9853,True Eclipse
HATS-7b,False,0.3517,0.0711,0.0,0.0001,0.9998,True Eclipse
HATS-42b,False,0.4393,0.0976,0.0009,0.0146,0.9845,True Eclipse
WASP-145Ab,False,0.9879,0.136,0.2908,0.3841,0.3251,Grazing Eclipse
WASP-165b,False,0.484,0.0738,0.0072,0.026,0.9668,True Eclipse
HATS-61b,False,0.4924,0.0738,0.0,0.0,1.0,True Eclipse
WASP-183b,False,0.865,0.1734,0.0932,0.4727,0.4341,Grazing Eclipse
L98-59d,False,0.9039,0.0448,0.0392,0.221,0.7399,True Eclipse
TOI-270d,False,0.1878,0.0516,0.0,0.0,1.0,True Eclipse
HAT-P-70b,True,-0.5811,0.0989,0.0009,0.0267,0.9724,True Eclipse
HATS-56b,False,0.6782,0.0789,0.0002,0.0187,0.9812,True Eclipse
WASP-171b,False,0.1832,0.0615,0.0,0.0,1.0,True Eclipse
HD28109d,False,0.3223,0.02,0.0,0.0,1.0,True Eclipse
WASP-164b,False,0.807,0.1242,0.014,0.3013,0.6847,True Eclipse
HAT-P-59b,False,0.8133,0.1045,0.0264,0.2651,0.7085,True Eclipse
TOI-122b,False,0.6591,0.075,0.0549,0.0992,0.8458,True Eclipse
HD235088b,False,0.4111,0.0238,0.0,0.0,1.0,True Eclipse
LTT3780c,False,0.7698,0.0579,0.0,0.0032,0.9968,True Eclipse
WASP-180Ab,False,0.2812,0.1071,0.0,0.0,1.0,True Eclipse
WASP-176b,False,0.3202,0.0803,0.0,0.0,1.0,True Eclipse
TOI-1728b,False,0.3939,0.074,0.0,0.0,1.0,True Eclipse
TOI-1266b,False,0.5444,0.0545,0.0,0.0,1.0,True Eclipse
NGTS-13b,False,0.1414,0.0656,0.0,0.0,1.0,True Eclipse
WASP-163b,False,0.4238,0.119,0.0,0.0001,0.9999,True Eclipse
HATS-31b,False,0.4406,0.0908,0.0012,0.0144,0.9845,True Eclipse
WASP-3b,True,0.5153,0.1058,0.0,0.0,1.0,True Eclipse
HATS-37Ab,False,0.1277,0.0707,0.0,0.0,1.0,True Eclipse
Kepler-1658b,True,0.9296,0.0369,0.0238,0.2454,0.7308,True Eclipse
TOI-628b,False,0.2026,0.0811,0.0,0.0,1.0,True Eclipse
WASP-131b,True,0.7183,0.0807,0.0024,0.0585,0.9391,True Eclipse
WASP-188b,False,0.5984,0.0742,0.0,0.0007,0.9993,True Eclipse
TOI-540b,False,0.7453,0.0436,0.0294,0.0603,0.9103,True Eclipse
GJ1252b,False,0.4145,0.0277,0.0158,0.0093,0.9749,True Eclipse
K2-24c,False,0.4089,0.0615,0.0003,0.0022,0.9975,True Eclipse
K2-52b,False,0.2908,0.075,0.0,0.0003,0.9997,True Eclipse
K2-32d,False,0.4794,0.037,0.0,0.0,1.0,True Eclipse
K2-289b,False,0.5804,0.081,0.0,0.0007,0.9993,True Eclipse
K2-55b,False,0.3281,0.0561,0.0001,0.0007,0.9991,True Eclipse
TOI-672b,False,0.3948,0.0885,0.0001,0.0033,0.9966,True Eclipse
KELT-3b,True,0.5785,0.0939,0.0,0.0059,0.994,True Eclipse
TOI-2134b,False,0.217,0.0348,0.0,0.0,1.0,True Eclipse
HATS-38b,False,0.4642,0.057,0.0,0.0,1.0,True Eclipse
TOI-1759b,False,0.4552,0.049,0.0306,0.028,0.9415,True Eclipse
HAT-P-4b,True,0.0063,0.082,0.0,0.0,1.0,True Eclipse
WASP-87b,True,0.589,0.0875,0.0,0.0022,0.9978,True Eclipse
KPS-1b,False,0.7229,0.1143,0.0093,0.1535,0.8372,True Eclipse
K2-79b,False,0.64,0.0297,0.0099,0.0137,0.9765,True Eclipse
KELT-23Ab,False,0.5564,0.1365,0.0,0.0027,0.9973,True Eclipse
TOI-2421b,False,0.4111,0.0543,0.0,0.0,1.0,True Eclipse
WASP-140b,False,0.9316,0.1701,0.0133,0.815,0.1717,Grazing Eclipse
TOI-1333b,False,0.5404,0.0745,0.0,0.0009,0.9991,True Eclipse
Wolf503b,False,1.4191,0.0279,0.9577,0.0179,0.0244,False Eclipse
HAT-P-30b,True,0.8122,0.1134,0.0,0.1136,0.8864,True Eclipse
TOI-6695b,False,-0.6321,0.0576,0.0,0.0,0.0,False Eclipse
WASP-104b,True,0.7062,0.1213,0.001,0.0974,0.9016,True Eclipse
K2-370b,False,0.8773,0.0302,0.3767,0.0455,0.5778,True Eclipse
K2-87b,False,0.5525,0.05,0.0,0.0001,0.9998,True Eclipse
KELT-9b,True,0.1719,0.0823,0.0,0.0,1.0,True Eclipse
TOI-2154b,False,0.937,0.1069,0.0915,0.545,0.3635,Grazing Eclipse
HD2685b,False,0.0996,0.0947,0.0,0.0,1.0,True Eclipse
TOI-4463Ab,False,0.8612,0.1145,0.0511,0.3856,0.5634,True Eclipse
WASP-18b,True,0.3951,0.1018,0.0,0.0,1.0,True Eclipse
HATS-57b,False,0.2747,0.1218,0.0,0.0,1.0,True Eclipse
WASP-182b,False,0.8442,0.0652,0.1868,0.1701,0.6431,True Eclipse
TOI-776b,False,0.1673,0.0316,0.0,0.0,1.0,True Eclipse
K2-174b,False,0.0216,0.036,0.0,0.0,1.0,True Eclipse
TOI-5027b,False,0.4321,0.106,0.0,0.0,1.0,True Eclipse
TrES-2b,True,0.8298,0.1278,0.0,0.2118,0.7882,True Eclipse
K2-29b,False,0.4513,0.1373,0.0,0.0016,0.9984,True Eclipse
K2-266d,False,0.3098,0.0383,0.0,0.0001,0.9999,True Eclipse
TOI-1231b,False,0.2687,0.0701,0.0,0.0001,0.9999,True Eclipse
TOI-2076c,False,0.065,0.0407,0.0,0.0,1.0,True Eclipse
TOI-1201b,False,0.3837,0.0438,0.0,0.0,1.0,True Eclipse
TOI-1431b,True,0.8841,0.0796,0.0,0.0053,0.9947,True Eclipse
KOI-7368b,False,0.793,0.0437,0.2775,0.0758,0.6467,True Eclipse
TOI-5398c,False,0.307,0.0308,0.0,0.0,1.0,True Eclipse
HD110113b,False,0.3155,0.018,0.0016,0.0009,0.9975,True Eclipse
K2-405b,False,0.7982,0.0548,0.2404,0.1034,0.6562,True Eclipse
TOI-1268b,False,0.37,0.091,0.0,0.0,1.0,True Eclipse
TOI-1298b,False,0.1654,0.0612,0.0,0.0,1.0,True Eclipse
TOI-1842b,False,1.2946,0.0557,0.9548,0.039,0.0062,False Eclipse
TOI-833b,False,0.2939,0.0194,0.0,0.0,0.0,False Eclipse
GJ3929b,False,0.4472,0.0156,0.0,0.0,1.0,True Eclipse
TOI-1670c,False,0.8711,0.0762,0.0,0.0008,0.9992,True Eclipse
TOI-1246b,False,0.4719,0.031,0.0,0.0,1.0,True Eclipse
TOI-2046b,False,0.506,0.1213,0.0,0.0015,0.9985,True Eclipse
TOI-1422b,False,0.1878,0.0356,0.0,0.0,1.0,True Eclipse
HD93963Ac,False,0.6203,0.0284,0.0001,0.0007,0.9993,True Eclipse
TOI-260b,False,0.6485,0.0258,0.0089,0.011,0.9801,True Eclipse
HD15906c,False,0.8448,0.035,0.0,0.0,1.0,True Eclipse
TOI-622b,False,0.5896,0.0599,0.004,0.0191,0.9769,True Eclipse
TOI-663b,False,0.1659,0.0407,0.0,0.0,1.0,True Eclipse
TOI-815b,False,0.2658,0.0349,0.0,0.0,1.0,True Eclipse
TOI-836b,False,0.5813,0.0235,0.0,0.0001,0.9999,True Eclipse
TOI-1634b,False,0.2114,0.0364,0.0,0.0,1.0,True Eclipse
HATS-9b,False,0.2489,0.0725,0.0,0.0,1.0,True Eclipse
TOI-1199b,False,0.8703,0.0663,0.0072,0.2038,0.789,True Eclipse
TOI-1288b,False,0.264,0.0476,0.0,0.0001,0.9999,True Eclipse
HIP9618b,False,0.1496,0.0364,0.0004,0.0007,0.9989,True Eclipse
TOI-1691b,False,0.2297,0.0324,0.0002,0.0003,0.9995,True Eclipse
TOI-1694b,False,0.2972,0.061,0.0002,0.0012,0.9986,True Eclipse
TOI-1803b,False,0.3222,0.038,0.0,0.0002,0.9998,True Eclipse
HD110067d,False,0.4744,0.0332,0.0,0.0,1.0,True Eclipse
TOI-2025b,False,0.4214,0.0747,0.0118,0.0281,0.9601,True Eclipse
TOI-2145b,False,0.3426,0.04,0.001,0.002,0.9969,True Eclipse
TOI-2338b,False,0.1711,0.098,0.0,0.0,1.0,True Eclipse
WASP-118b,False,0.1414,0.0873,0.0,0.0,1.0,True Eclipse
K2-140b,False,0.4056,0.117,0.0,0.0,1.0,True Eclipse
BD-143065b,True,1.0106,0.0843,0.019,0.9773,0.0037,Grazing Eclipse
TOI-1272b,False,0.771,0.0477,0.0086,0.0504,0.941,True Eclipse
TOI-201b,False,1.236,0.0789,0.842,0.1359,0.0221,False Eclipse
KELT-2Ab,True,0.1517,0.0719,0.0,0.0,1.0,True Eclipse
TOI-3023b,False,0.1077,0.0903,0.0,0.0,1.0,True Eclipse
TOI-3321b,False,0.4229,0.0921,0.0,0.0001,0.9999,True Eclipse
TOI-3807b,False,0.9485,0.1155,0.0,0.0,0.0,False Eclipse
TOI-2497b,False,0.2948,0.0433,0.0,0.0,1.0,True Eclipse
TOI-2524b,False,0.129,0.092,0.0,0.0,1.0,True Eclipse
TOI-2587Ab,False,0.6977,0.0641,0.0053,0.0424,0.9524,True Eclipse
TOI-3919b,False,0.5134,0.0856,0.0,0.0,1.0,True Eclipse
TOI-4010b,False,0.1961,0.033,0.0,0.0,1.0,True Eclipse
TOI-4438b,False,0.3159,0.062,0.0,0.0,1.0,True Eclipse
TOI-4791b,False,0.6345,0.081,0.0001,0.0089,0.991,True Eclipse
TOI-5232b,False,0.2011,0.0656,0.0,0.0,1.0,True Eclipse
TOI-5398b,False,0.2936,0.0899,0.0,0.0,1.0,True Eclipse
TOI-5678b,False,0.1579,0.048,0.0,0.0,1.0,True Eclipse
TOI-5786b,False,0.3219,0.0576,0.0,0.0,1.0,True Eclipse
HD108236e,False,0.3843,0.0323,0.0016,0.002,0.9964,True Eclipse
GJ486b,True,0.1214,0.0372,0.0,0.0,1.0,True Eclipse
IRAS04125+2902b,False,0.303,0.0679,0.0025,0.0079,0.9896,True Eclipse
TOI-1386b,False,0.2004,0.0547,0.0,0.0,1.0,True Eclipse
TOI-6255b,False,0.8103,0.0267,0.0885,0.0662,0.8453,True Eclipse
HAT-P-64b,False,0.215,0.1007,0.0,0.0,1.0,True Eclipse
TOI-1246d,False,0.2924,0.036,0.0,0.0,1.0,True Eclipse
CoRoT-36b,False,0.6511,0.0953,0.0003,0.0225,0.9772,True Eclipse
TOI-444b,False,0.2047,0.0325,0.0,0.0,1.0,True Eclipse
TOI-663c,False,0.2052,0.0404,0.0,0.0,1.0,True Eclipse
TOI-712b,False,0.7238,0.0277,0.2332,0.0416,0.7252,True Eclipse
TOI-1136f,False,0.4166,0.0367,0.0,0.0,1.0,True Eclipse
TOI-1173b,False,0.7732,0.09,0.0,0.0,1.0,True Eclipse
WASP-47b,False,0.1673,0.1019,0.0,0.0,1.0,True Eclipse
Kepler-105b,False,0.4929,0.028,0.1128,0.026,0.8611,True Eclipse
TOI-1470c,False,0.4409,0.0481,0.0,0.0,1.0,True Eclipse
TOI-1723b,False,0.3195,0.0278,0.0002,0.0003,0.9995,True Eclipse
K2-333b,False,0.2312,0.0461,0.0,0.0,1.0,True Eclipse
KELT-14b,False,0.8028,0.1143,0.0272,0.2765,0.6963,True Eclipse
HD110067c,False,0.1405,0.0278,0.0,0.0,1.0,True Eclipse
TOI-4336Ab,False,0.4275,0.0593,0.0,0.0,1.0,True Eclipse
HD191939d,False,0.4357,0.0292,0.0,0.0,1.0,True Eclipse
HD219134b,False,0.9069,0.0189,0.0292,0.0768,0.894,True Eclipse
TOI-2364b,False,0.2019,0.0891,0.0,0.0,1.0,True Eclipse
TOI-2368b,False,0.8662,0.1174,0.0007,0.4172,0.5821,True Eclipse
TOI-2981b,False,0.316,0.114,0.0,0.0,1.0,True Eclipse
NGTS-24b,False,0.787,0.0768,0.0439,0.169,0.7871,True Eclipse
TOI-5076b,False,0.096,0.0379,0.0,0.0,1.0,True Eclipse
NGTS-33b,False,0.7199,0.1146,0.0012,0.1015,0.8973,True Eclipse
TOI-1224b,False,0.248,0.0478,0.0002,0.0005,0.9993,True Eclipse
HD221416b,False,0.5987,0.0285,0.0,0.0,1.0,True Eclipse
K2-19b,False,0.3583,0.0745,0.0,0.0,1.0,True Eclipse
Kepler-91b,False,0.8534,0.0226,0.036,0.0565,0.9075,True Eclipse
TOI-2018b,False,0.5256,0.0335,0.0,0.0004,0.9996,True Eclipse
HAT-P-54b,False,0.7249,0.1572,0.0004,0.1863,0.8133,True Eclipse
TOI-1801b,False,0.2427,0.034,0.0,0.0,1.0,True Eclipse
HD89345b,False,0.5243,0.0384,0.0,0.0,1.0,True Eclipse
HD260655b,False,0.6709,0.0259,0.0,0.0,1.0,True Eclipse
55Cnce,True,0.1596,0.0202,0.0,0.0,1.0,True Eclipse
HD86226c,False,0.6172,0.0188,0.0,0.0,0.0,False Eclipse
Kepler-18d,False,0.7404,0.0578,0.0099,0.0602,0.93,True Eclipse
KELT-4Ab,False,0.676,0.1089,0.0001,0.0359,0.9639,True Eclipse
XO-3b,True,0.6287,0.0908,0.0,0.0001,0.9999,True Eclipse
HAT-P-13b,True,0.6692,0.0844,0.0,0.0001,0.9999,True Eclipse
WASP-19b,True,0.6712,0.1441,0.0,0.0,1.0,True Eclipse
HAT-P-16b,False,0.4144,0.1071,0.0,0.0,1.0,True Eclipse
HAT-P-32b,True,0.1023,0.1489,0.0,0.0,1.0,True Eclipse
WASP-67b,True,0.9096,0.1343,0.1083,0.4884,0.4032,Grazing Eclipse
WASP-185b,False,0.5863,0.0856,0.0,0.0,1.0,True Eclipse
LTT3780b,False,0.4629,0.0324,0.0,0.0,1.0,True Eclipse
TOI-2158b,False,0.9293,0.07,0.1553,0.342,0.5027,True Eclipse
HAT-P-41b,True,0.1998,0.1028,0.0,0.0,1.0,True Eclipse
HATS-2b,False,0.2564,0.1335,0.0,0.0,1.0,True Eclipse
TOI-251b,False,0.585,0.0286,0.0008,0.0022,0.997,True Eclipse
HD1397b,False,0.1761,0.0451,0.0,0.0,1.0,True Eclipse
TOI-4010d,False,0.5081,0.068,0.0,0.0,1.0,True Eclipse
K2-138g,False,0.6045,0.0319,0.1164,0.0392,0.8444,True Eclipse
Kepler-25b,False,0.0042,0.0184,0.0,0.0,1.0,True Eclipse
HD3167c,False,0.3224,0.0301,0.0,0.0,1.0,True Eclipse
HD101581b,False,0.5855,0.0139,0.0004,0.0004,0.9992,True Eclipse
WASP-99b,False,0.1572,0.0639,0.0,0.0,1.0,True Eclipse
WASP-82b,False,0.1476,0.0793,0.0,0.0,1.0,True Eclipse
HAT-P-55b,False,0.3721,0.1202,0.0,0.0,1.0,True Eclipse
WASP-141b,False,0.2793,0.0908,0.0,0.0001,0.9999,True Eclipse
TOI-1453c,False,0.7521,0.0283,0.0193,0.031,0.9496,True Eclipse
HATS-45b,False,0.6591,0.1004,0.0009,0.044,0.9551,True Eclipse
WASP-147b,False,0.2773,0.08,0.0001,0.0015,0.9983,True Eclipse
HD110067b,False,0.3457,0.0256,0.0,0.0,1.0,True Eclipse
WASP-114b,False,0.4485,0.0962,0.0,0.0,1.0,True Eclipse
GJ238b,False,0.007,0.012,0.0,0.0,1.0,True Eclipse
GPX-1b,False,0.7833,0.095,0.0316,0.2026,0.7658,True Eclipse
TOI-1758b,False,0.4908,0.04,0.0463,0.0285,0.9251,True Eclipse
TOI-1794b,False,0.4637,0.023,0.0001,0.0002,0.9996,True Eclipse
K2-25b,False,1.3381,0.1075,0.9538,0.0456,0.0006,False Eclipse
HAT-P-56b,False,0.8531,0.1054,0.038,0.3483,0.6137,True Eclipse
WASP-120b,False,0.7406,0.0809,0.0,0.0202,0.9798,True Eclipse
TOI-1194b,False,0.8364,0.082,0.0021,0.1683,0.8296,True Eclipse
HAT-P-19b,True,0.3754,0.1418,0.0,0.0,1.0,True Eclipse
WASP-174b,False,0.9323,0.1098,0.1366,0.4682,0.3952,Grazing Eclipse
HAT-P-23b,False,0.3796,0.1169,0.0,0.0,1.0,True Eclipse
WASP-190b,False,0.4252,0.0739,0.0,0.0002,0.9998,True Eclipse
HAT-P-1b,True,0.7395,0.118,0.0009,0.1156,0.8834,True Eclipse
WASP-97b,True,0.2185,0.1085,0.0,0.0,1.0,True Eclipse
Gliese12b,False,0.7467,0.0336,0.0179,0.0362,0.9459,True Eclipse
WASP-177b,False,0.9252,0.1835,0.1146,0.5795,0.3059,Grazing Eclipse
WASP-63b,True,0.2302,0.0779,0.0,0.0,1.0,True Eclipse
TOI-544b,False,0.6363,0.0297,0.0016,0.0044,0.9941,True Eclipse
TOI-2768b,False,0.3042,0.0434,0.0098,0.0103,0.9799,True Eclipse
TOI-6086b,False,0.5804,0.0417,0.0001,0.0013,0.9986,True Eclipse
XO-1b,True,0.2236,0.1331,0.0,0.0,1.0,True Eclipse
TOI-3362b,False,0.2454,0.0641,0.0,0.0002,0.9998,True Eclipse
KELT-18b,False,0.0969,0.0846,0.0,0.0,1.0,True Eclipse
TOI-2128b,False,0.3448,0.0171,0.0011,0.0005,0.9984,True Eclipse
HAT-P-7b,True,0.5429,0.0781,0.0,0.0,1.0,True Eclipse
TOI-1259Ab,False,0.0611,0.1476,0.0,0.0,1.0,True Eclipse
TOI-431d,False,0.1353,0.0413,0.0,0.0,0.0,False Eclipse
K2-403b,False,0.6681,0.0551,0.1563,0.0797,0.7641,True Eclipse
TOI-6324b,False,0.8221,0.0331,0.0906,0.0883,0.8211,True Eclipse
KOI-94d,False,0.0531,0.068,0.0,0.0,1.0,True Eclipse
TOI-3912b,False,0.5245,0.0941,0.0,0.0006,0.9994,True Eclipse
KELT-12b,False,0.5621,0.0772,0.0006,0.0113,0.9881,True Eclipse
HAT-P-61b,False,0.7522,0.0984,0.0048,0.1264,0.8688,True Eclipse
GJ1132b,True,0.483,0.0494,0.0,0.0,1.0,True Eclipse
HIP94235b,False,0.7719,0.0253,0.0672,0.047,0.8858,True Eclipse
WASP-195b,False,0.5399,0.06,0.0,0.0001,0.9999,True Eclipse
KELT-19Ab,False,0.5833,0.1071,0.0,0.0037,0.9963,True Eclipse
TOI-406.01,False,0.4712,0.0466,0.0016,0.0055,0.9929,True Eclipse
WASP-166b,False,0.3649,0.0531,0.0,0.0001,0.9999,True Eclipse
TOI-1420b,False,0.3869,0.1182,0.0,0.0,1.0,True Eclipse
TOI-1710b,False,0.1259,0.048,0.0,0.0,1.0,True Eclipse
K2-141b,False,0.0017,0.0209,0.0074,0.0032,0.9894,True Eclipse
TOI-3884b,False,0.0852,0.197,0.0,0.0,1.0,True Eclipse
WASP-150b,False,0.8188,0.0666,0.1997,0.1495,0.6508,True Eclipse
Kepler-5b,True,0.0891,0.08,0.0,0.0,1.0,True Eclipse
HD332231b,False,0.1324,0.0698,0.0,0.0,1.0,True Eclipse
Qatar-9b,False,0.0891,0.1489,0.0,0.0,1.0,True Eclipse
TrES-3b,True,0.8221,0.1655,0.0084,0.458,0.5336,True Eclipse
TOI-1823b,False,0.1842,0.0859,0.034,0.0415,0.9246,True Eclipse
TOI-4515b,False,0.9072,0.13,0.0,0.9221,0.0779,Grazing Eclipse
TOI-782b,False,0.5174,0.0606,0.0019,0.0104,0.9877,True Eclipse
WASP-32b,False,0.6355,0.1092,0.0,0.0002,0.9998,True Eclipse
TOI-3837b,False,0.4856,0.083,0.0,0.0,1.0,True Eclipse
HATS-68b,False,0.7202,0.0725,0.0022,0.044,0.9538,True Eclipse
TOI-5344b,False,0.673,0.159,0.0,0.0058,0.9942,True Eclipse
TOI-4377b,False,0.5944,0.0392,0.0,0.0002,0.9998,True Eclipse
HD15337c,False,0.8585,0.0275,0.0877,0.0928,0.8195,True Eclipse
HD152843b,False,0.3034,0.022,0.0002,0.0002,0.9996,True Eclipse
WASP-194b,False,0.8202,0.1007,0.0367,0.2677,0.6956,True Eclipse
TOI-836c,False,0.5348,0.0357,0.2198,0.0361,0.7441,True Eclipse
TOI-5704b,False,0.1901,0.0389,0.0067,0.0056,0.9878,True Eclipse
HD135694b,False,0.3603,0.0219,0.0016,0.0014,0.997,True Eclipse
K2-261b,False,0.3898,0.0527,0.0003,0.0019,0.9978,True Eclipse
KOI-12b,False,0.3356,0.0905,0.0,0.0,1.0,True Eclipse
WASP-68b,False,0.2466,0.075,0.0,0.0001,0.9999,True Eclipse
TOI-3688Ab,False,0.257,0.0921,0.0,0.0,1.0,True Eclipse
WASP-103b,True,0.1749,0.1093,0.0,0.0,1.0,True Eclipse
GJ3090b,False,0.6672,0.0379,0.016,0.0288,0.9552,True Eclipse
WASP-65b,True,0.136,0.1131,0.0,0.0,1.0,True Eclipse
